GEO.id,GEO.id2,GEO.display-label,est72017sex1_age999,est72017sex2_age999,est72017sex1_age0to4,est72017sex2_age0to4,est72017sex1_age5to9,est72017sex2_age5to9,est72017sex1_age10to14,est72017sex2_age10to14,est72017sex1_age15to19,est72017sex2_age15to19,est72017sex1_age20to24,est72017sex2_age20to24,est72017sex1_age25to29,est72017sex2_age25to29,est72017sex1_age30to34,est72017sex2_age30to34,est72017sex1_age35to39,est72017sex2_age35to39,est72017sex1_age40to44,est72017sex2_age40to44,est72017sex1_age45to49,est72017sex2_age45to49,est72017sex1_age50to54,est72017sex2_age50to54,est72017sex1_age55to59,est72017sex2_age55to59,est72017sex1_age60to64,est72017sex2_age60to64,est72017sex1_age65to69,est72017sex2_age65to69,est72017sex1_age70to74,est72017sex2_age70to74,est72017sex1_age75to79,est72017sex2_age75to79,est72017sex1_age80to84,est72017sex2_age80to84,est72017sex1_age85plus,est72017sex2_age85plus,est72017sex1_age0to17,est72017sex2_age0to17,est72017sex1_age14to17,est72017sex2_age14to17,est72017sex1_age18to64,est72017sex2_age18to64,est72017sex1_age45to64,est72017sex2_age45to64
Id,Id2,Geography,Population Estimate (as of July 1) - 2017 - Male; Total,Population Estimate (as of July 1) - 2017 - Female; Total,Population Estimate (as of July 1) - 2017 - Male; Total - Under 5 years,Population Estimate (as of July 1) - 2017 - Female; Total - Under 5 years,Population Estimate (as of July 1) - 2017 - Male; Total - 5 to 9 years,Population Estimate (as of July 1) - 2017 - Female; Total - 5 to 9 years,Population Estimate (as of July 1) - 2017 - Male; Total - 10 to 14 years,Population Estimate (as of July 1) - 2017 - Female; Total - 10 to 14 years,Population Estimate (as of July 1) - 2017 - Male; Total - 15 to 19 years,Population Estimate (as of July 1) - 2017 - Female; Total - 15 to 19 years,Population Estimate (as of July 1) - 2017 - Male; Total - 20 to 24 years,Population Estimate (as of July 1) - 2017 - Female; Total - 20 to 24 years,Population Estimate (as of July 1) - 2017 - Male; Total - 25 to 29 years,Population Estimate (as of July 1) - 2017 - Female; Total - 25 to 29 years,Population Estimate (as of July 1) - 2017 - Male; Total - 30 to 34 years,Population Estimate (as of July 1) - 2017 - Female; Total - 30 to 34 years,Population Estimate (as of July 1) - 2017 - Male; Total - 35 to 39 years,Population Estimate (as of July 1) - 2017 - Female; Total - 35 to 39 years,Population Estimate (as of July 1) - 2017 - Male; Total - 40 to 44 years,Population Estimate (as of July 1) - 2017 - Female; Total - 40 to 44 years,Population Estimate (as of July 1) - 2017 - Male; Total - 45 to 49 years,Population Estimate (as of July 1) - 2017 - Female; Total - 45 to 49 years,Population Estimate (as of July 1) - 2017 - Male; Total - 50 to 54 years,Population Estimate (as of July 1) - 2017 - Female; Total - 50 to 54 years,Population Estimate (as of July 1) - 2017 - Male; Total - 55 to 59 years,Population Estimate (as of July 1) - 2017 - Female; Total - 55 to 59 years,Population Estimate (as of July 1) - 2017 - Male; Total - 60 to 64 years,Population Estimate (as of July 1) - 2017 - Female; Total - 60 to 64 years,Population Estimate (as of July 1) - 2017 - Male; Total - 65 to 69 years,Population Estimate (as of July 1) - 2017 - Female; Total - 65 to 69 years,Population Estimate (as of July 1) - 2017 - Male; Total - 70 to 74 years,Population Estimate (as of July 1) - 2017 - Female; Total - 70 to 74 years,Population Estimate (as of July 1) - 2017 - Male; Total - 75 to 79 years,Population Estimate (as of July 1) - 2017 - Female; Total - 75 to 79 years,Population Estimate (as of July 1) - 2017 - Male; Total - 80 to 84 years,Population Estimate (as of July 1) - 2017 - Female; Total - 80 to 84 years,Population Estimate (as of July 1) - 2017 - Male; Total - 85 years and over,Population Estimate (as of July 1) - 2017 - Female; Total - 85 years and over,Population Estimate (as of July 1) - 2017 - Male; Under 18 years,Population Estimate (as of July 1) - 2017 - Female; Under 18 years,Population Estimate (as of July 1) - 2017 - Male; Under 18 years - 14 to 17 years,Population Estimate (as of July 1) - 2017 - Female; Under 18 years - 14 to 17 years,Population Estimate (as of July 1) - 2017 - Male; 18 to 64 years,Population Estimate (as of July 1) - 2017 - Female; 18 to 64 years,Population Estimate (as of July 1) - 2017 - Male; 18 to 64 years - 45 to 64 years,Population Estimate (as of July 1) - 2017 - Female; 18 to 64 years - 45 to 64 years
0100000US,,United States,160408119,165311059,10195968,9742892,10368141,9936097,10605072,10173382,10800491,10331169,11349142,10769493,11902230,11468230,11089131,10883081,10615985,10616012,9753115,9890258,10386175,10587683,10520182,10880912,10700520,11307436,9557283,10430419,7929868,8906513,5947272,6899793,3898816,4842445,2509059,3456231,2279669,4189013,37621770,36033608,8557342,8203789,100221665,100983456,41164160,43206450
0400000US01,01,Alabama,2359836,2514911,149374,144180,153526,147759,157478,150981,161735,157072,166366,163231,167743,170408,147599,154552,146855,155256,140254,149430,152753,161003,156734,166142,161580,175678,147832,165455,125004,143689,95008,113631,62262,80897,38581,56520,29152,59027,558061,537412,128974,124681,1451768,1523735,618899,668278
0400000US02,02,Alaska,386792,353003,27625,26458,26850,25222,25316,24147,24709,22093,31449,23268,33700,29020,30359,27136,26288,24136,22369,20419,23363,21134,24497,22291,26028,24112,23093,22133,17639,16221,11355,10689,6323,6460,3296,4043,2533,4021,94917,90011,20038,18934,250729,221558,96981,89670
0400000US04,04,Arizona,3488301,3527969,223615,213647,229890,221269,237321,228582,238976,228331,252422,231880,259518,240414,235679,220283,226245,218635,207579,206221,213122,214562,206923,213157,210268,225341,192558,218086,178793,203496,150424,168696,103457,117691,66061,76401,55450,81277,832779,800711,187904,181659,2101337,2079697,822871,871146
0400000US05,05,Arkansas,1476064,1528215,98313,93122,99851,95292,101960,97198,101485,96842,103353,99472,103464,102087,95024,94889,94855,94858,87264,89299,91225,93194,93354,96878,96334,101389,87355,96778,75835,85524,59864,69286,40721,49925,25663,34444,20144,37738,361571,343969,81664,77390,892266,907329,368268,388239
0400000US06,06,California,19647553,19889100,1264710,1206803,1284927,1229425,1296870,1245910,1308569,1254099,1429323,1338452,1617117,1513117,1487711,1405834,1375976,1337511,1253956,1255619,1300910,1306528,1270027,1285223,1239880,1288876,1071926,1161996,856686,968879,630225,740010,413535,516095,274889,372246,270316,462477,4628925,4431211,1037918,995726,12572977,12398182,4882743,5042623
0400000US08,08,Colorado,2822333,2784821,171503,164704,179383,170520,185719,177417,183469,172981,198386,178981,229472,210878,224424,205888,206227,195146,184530,173871,187007,179379,173881,174866,180953,187796,163855,173876,135038,144876,94741,104565,56945,67792,35492,46325,31308,54960,645371,616462,145620,138995,1823438,1749841,705696,715917
0400000US09,09,Connecticut,1751800,1836384,93818,89503,102012,97423,112050,107988,125311,119770,128259,119875,115394,107181,111236,110387,106042,109749,100953,105987,118269,125675,129973,138400,131905,140362,114916,123336,88334,99916,68762,81251,44003,56081,29188,42220,31375,61280,380254,363572,95528,90674,1109884,1132064,495063,527773
0400000US10,10,Delaware,465514,496425,27876,27116,28641,28030,29101,28503,30635,29906,30289,29361,34331,33919,30470,30558,28321,29574,25396,27025,28732,30992,31567,34242,32403,36153,30032,34638,26818,31408,21402,24919,13859,16682,8477,11047,7164,12352,103626,100858,23924,22864,284168,299159,122734,136025
0400000US11,11,District of Columbia,329199,364773,22851,22184,18122,18001,13863,13740,17501,19418,24474,29102,38552,44895,37742,41413,29538,30405,20864,21231,19507,19314,18801,18593,17823,18815,15321,18168,12266,15755,8586,11612,5772,8131,3622,5857,3994,8139,62737,61755,10521,10322,232222,253524,71452,74890
0400000US12,12,Florida,10256819,10727581,582263,555832,587360,564078,603414,577916,615907,587833,650444,618724,724192,697702,666771,654015,637508,643110,610418,626815,664546,683559,692811,726919,693675,754742,627381,721830,580618,675701,503750,582447,357818,423245,238533,296971,219410,336142,2145324,2056659,489820,471361,6211366,6356416,2678413,2887050
0400000US13,13,Georgia,5075507,5353872,336237,324076,353467,339901,367342,355022,368818,354918,366728,351620,377312,378396,342470,355148,337450,360108,322699,347209,349448,368278,340721,360639,323418,350392,276471,313281,226994,268738,170558,204589,105951,135818,62162,90403,47261,95336,1280021,1234677,295633,286050,3182560,3324311,1290058,1392590
0400000US15,15,Hawaii,716087,711451,46357,43752,44335,42457,42435,39563,39744,37287,52268,41729,55945,49533,52055,49027,48636,46850,42418,41498,43755,43342,43653,44267,45841,46578,43981,46672,39786,42164,30263,32723,18430,21704,11793,16356,14392,25949,156936,148808,32224,30742,444487,423747,177230,180859
0400000US16,16,Idaho,860458,856485,59664,57373,62627,60310,65773,62542,62126,59434,59089,53648,58919,56481,55919,54400,56699,55557,50941,49421,50618,49647,49121,49986,53054,54852,50619,53222,44622,46691,34015,35524,22156,23959,13494,15833,11002,17605,226557,217235,51430,49249,508612,499638,203412,207707
0400000US17,17,Illinois,6292478,6509545,395254,377795,403484,387212,421597,404458,427885,408244,440632,425727,458402,445164,440152,432355,426286,425670,392345,394867,413294,420728,418476,430410,429364,450310,378039,408475,302089,339099,217504,258297,144285,187460,94301,136466,89089,176808,1478947,1418238,343406,329933,3966263,3993177,1639173,1709923
0400000US18,18,Indiana,3287095,3379723,216091,205085,220437,211345,228728,217903,234035,223054,243202,231403,227942,223686,208659,208517,210815,210822,197001,198140,210688,210403,214364,219001,222827,232349,201138,214293,163295,180763,117712,137174,77563,98565,49101,70657,43497,86563,805214,768195,185440,177327,2030713,2037806,849017,876046
0400000US19,19,Iowa,1564733,1580978,101804,97192,103831,98868,105666,100938,109865,104979,118833,110509,102827,97340,99856,95620,100968,97879,88290,85951,93503,91634,98047,97695,106935,109344,99633,101647,82448,86409,57976,64678,39998,48981,27654,38576,26599,52738,374555,357392,84012,80372,955503,932204,398118,400320
0400000US20,20,Kansas,1451956,1461167,98430,94709,102265,97539,102270,98015,103566,96711,113186,102116,101130,92831,96236,93590,95472,92005,82937,81353,84836,83832,87941,88946,94693,99094,87823,92034,71219,75893,50832,57113,33444,41372,23071,31677,22605,42337,364332,348206,81681,77501,886453,864569,355293,363906
0400000US21,21,Kentucky,2194318,2259871,142133,134750,141783,135281,145102,139244,147459,140011,157543,145649,155214,150402,138734,136646,140787,141288,133689,134476,143654,145115,147369,151952,150089,159826,136195,148449,115218,127851,84265,98059,55290,69781,33360,47912,26434,53179,517470,493069,117289,111343,1362281,1370020,577307,605342
0400000US22,22,Louisiana,2289446,2394887,158969,153069,155807,150183,156054,150117,152723,146946,163149,156533,175405,175232,164250,164800,153496,156523,132357,136072,137491,143695,144409,153479,151851,163925,138123,152292,112014,127269,80887,96249,52403,68320,32718,47595,27340,52588,564578,543825,124288,119882,1419506,1459041,571874,613391
0400000US23,23,Maine,654520,681387,33253,31249,35020,33406,37778,35696,40931,38473,39051,37439,40571,39529,39049,39264,37902,38998,36602,37832,43175,44772,47915,50356,52429,55732,49823,53448,43564,47028,32662,35266,20178,24071,13232,17485,11385,21343,129861,122773,31358,29626,403638,413421,193342,204308
0400000US24,24,Maryland,2934154,3118023,186904,179481,190488,183334,191816,184885,196599,188265,196744,189678,211435,210016,205133,211334,197521,205159,177896,188834,197112,212447,208729,225689,206993,226387,175796,198831,139795,164735,103283,125762,66531,86287,41698,60082,39681,76817,686914,660592,155628,149635,1856252,1943748,788630,863354
0400000US25,25,Massachusetts,3330365,3529454,183999,176589,189325,180974,198877,191473,228388,226569,247129,247031,252198,247423,236497,237813,212403,218232,195122,204744,220837,234305,237990,251840,238902,254590,208600,229360,169520,192848,125386,148957,78690,102281,53191,77246,53311,107179,699188,670767,167962,160876,2151079,2230176,906329,970095
0400000US26,26,Michigan,4903752,5058559,293086,280196,300766,287203,318110,304083,337602,323738,359852,342820,345328,330759,298658,294358,294313,297864,278898,284759,317985,324169,335374,344964,354608,370526,325289,349807,267903,294462,194846,222007,127356,155671,79851,111342,73927,139831,1112711,1063938,264990,254161,3047158,3071308,1333256,1389466
0400000US27,27,Minnesota,2776846,2799760,181792,173439,184050,176223,187292,179935,181958,174958,185008,179390,191213,180704,195579,189679,190313,184352,162075,157723,173385,170302,183920,184079,197141,200029,173922,177936,139416,146932,98049,108708,65788,78585,43771,58390,42174,78396,663737,634920,147708,140366,1723911,1693829,728368,732346
0400000US28,28,Mississippi,1445878,1538222,95170,92007,100593,97219,105117,100151,105109,101191,106023,103367,103306,104073,90865,95348,91914,96987,84416,90778,89596,95996,91202,98078,95176,104374,86947,97578,72716,83076,54093,64105,35443,46521,21600,32504,16592,34869,363906,349661,83506,79694,881528,927486,362921,396026
0400000US29,29,Missouri,3002236,3111296,191797,182682,195136,185963,199496,191176,201940,191316,212237,202180,212558,209567,199582,199156,193906,194232,172112,175324,185003,189181,195689,202011,210683,221726,187714,204132,154108,173787,116197,135240,78556,97636,50918,70591,44604,85396,707656,675315,160983,153283,1850197,1873331,779089,817050
0400000US30,30,Montana,528956,521537,32493,30798,32523,31017,32979,31262,33077,30363,38356,34367,35845,33372,33616,32191,33896,31839,29103,27957,29703,29262,31659,32123,37145,38706,37133,39185,33446,33177,24153,24021,15713,16508,9680,11441,8436,13948,117424,111465,25772,24503,320104,310977,135640,139276
0400000US31,31,Nebraska,958131,961945,68397,64664,67915,64770,67807,64762,66581,63964,70606,67285,65683,60935,66142,62755,64093,61458,55347,53775,55822,54372,57699,57270,62783,63823,56981,59014,46838,50242,33077,36823,21901,27045,15321,21130,15138,27858,243570,232163,52785,50793,582286,566684,233285,234479
0400000US32,32,Nevada,1503749,1494290,95036,90801,98173,93581,98369,94910,93405,86909,93890,89416,114597,111106,109499,105156,104463,101697,96043,94865,102057,99352,98694,96148,96162,95985,86301,92365,76208,82955,61403,65765,39733,42539,22752,26176,16964,24564,350741,334722,78524,74083,935948,917569,383214,383850
0400000US33,33,New Hampshire,665009,677786,33067,31414,35295,33631,38785,37811,43520,41865,46138,44306,43415,39701,41000,39303,38852,38447,37009,37724,45749,46578,51211,52533,54469,56241,48418,50156,39685,41683,28974,31429,17627,20428,11328,14949,10467,19587,132222,126551,33088,31505,424706,423159,199847,205508
0400000US34,34,New Jersey,4396574,4609070,266484,255234,276677,265004,288378,277127,290973,276014,290463,279882,300635,286968,293556,289914,290880,296057,280469,286288,304296,318911,318638,337388,317543,335718,268885,294659,209547,241225,158367,193305,103620,137771,68932,101768,68231,135837,1010346,968672,237033,227507,2777531,2830492,1209362,1286676
0400000US35,35,New Mexico,1034144,1053926,65618,62527,69535,67121,70977,68679,71131,67846,74962,68840,74978,69164,70743,67047,65866,64175,57700,58214,59095,60664,61268,64629,67883,72711,63286,70810,56782,63249,42849,47916,28013,33054,18151,22596,15307,24684,248780,239310,56537,54653,624262,623117,251532,268814
0400000US36,36,New York,9637462,10211937,595973,568433,580252,554799,582593,558695,621884,600098,684286,680026,763248,762735,704905,706031,635317,650645,578357,601518,629538,661197,661449,705026,662408,713765,581933,642095,471772,544219,344874,424083,229749,307711,154911,228531,154013,302330,2123295,2031202,482360,462290,6158848,6373861,2535328,2722083
0400000US37,37,North Carolina,5001438,5271981,311460,298253,322385,310665,335927,322735,344666,331778,362558,334435,358557,357172,322231,332287,318127,334237,311566,326748,341750,356429,334103,353227,329908,359507,296040,336223,255063,297283,196829,232306,123398,157239,75967,110415,60903,121042,1173568,1128778,270378,261174,3115710,3224918,1301801,1405386
0400000US38,38,North Dakota,387299,368094,27546,26497,25206,24218,23899,22587,24662,22705,34588,30303,33221,27373,29081,24578,25820,22682,21003,18641,20421,19015,21844,21014,25060,24376,23209,22636,18379,17635,12549,13187,8349,9857,6082,8521,6380,12269,89855,85917,17671,16926,245705,220708,90534,87041
0400000US39,39,Ohio,5713100,5945509,357181,341599,362887,346324,376537,361409,392890,374594,389045,376337,402124,394315,364063,363259,356089,358962,330349,335818,368639,375535,381400,393842,406593,429895,373706,402081,305592,341182,218136,255681,145607,187924,95043,137541,87219,169211,1331794,1273441,310775,296656,3529709,3580529,1530338,1601353
0400000US40,40,Oklahoma,1947562,1983302,134987,128753,137330,131572,136919,131063,135957,127864,142942,131774,142287,138274,134189,130846,128957,126781,114258,113212,116196,116031,117086,119467,124784,131370,112837,122305,92958,103709,71244,82820,48054,59688,30911,42072,25666,45701,490382,468903,108173,103189,1188347,1180409,470903,489173
0400000US41,41,Oregon,2052989,2089787,121051,114917,124383,118882,125796,120194,126405,120366,135075,129632,151097,146156,146521,143258,144724,142805,131463,128182,133197,130282,125324,126653,131649,140593,131528,143826,118291,129014,87616,96802,54846,63280,33457,42076,30566,52869,447261,426358,100938,96117,1280952,1279388,521698,541354
0400000US42,42,Pennsylvania,6271329,6534208,362260,346569,372675,356298,386165,368969,416635,399719,422152,409452,445010,426344,413661,403574,384956,384857,355853,359775,405779,412831,432743,447755,456956,480859,421786,452217,345331,381859,254437,297657,169237,216277,113704,165756,111989,223440,1363210,1301305,320095,303953,3913421,3947914,1717264,1793662
0400000US44,44,Rhode Island,514991,544648,28045,26716,28421,27134,30342,29084,36017,36449,39730,39130,39121,37298,34737,33990,32094,32209,29193,29996,33088,35166,36230,38916,37289,40472,33810,37007,27030,29919,20091,23370,12490,16285,8433,12473,8830,19034,106073,101259,25479,24297,332044,342308,140417,151561
0400000US45,45,South Carolina,2437687,2586682,149964,143689,156061,151876,159662,154120,165026,157183,173360,161521,173929,177386,154446,159746,151534,158912,142751,150956,155386,164206,158536,172206,161475,179327,150991,175543,138128,160466,109271,125685,68196,82660,39364,54434,29607,56766,561751,542923,127212,123613,1491370,1563748,626388,691282
0400000US46,46,South Dakota,438960,430706,31843,29916,30992,29380,30394,28909,29449,27226,31087,28463,29968,27289,29230,27118,28164,26372,24052,22406,24209,23216,26281,25828,29634,29842,28365,28409,24218,24059,16170,16782,10437,12026,7360,9791,7107,13674,110535,104321,23061,21630,263133,250053,108489,107295
0400000US47,47,Tennessee,3275966,3440018,208554,200090,211184,202853,216600,208860,217732,207240,226109,220953,240885,242464,214133,218514,210703,216812,200515,206534,217884,224779,218576,230360,218185,236522,199164,223177,170647,193541,131003,150958,84602,105290,50035,72623,39455,78448,769126,738376,175561,168323,2031098,2100782,853809,914838
0400000US48,48,Texas,14061793,14242803,1038600,993025,1040541,1000805,1052335,1012736,1026807,978094,1029220,962303,1081131,1035086,1036504,1009319,992663,982601,911033,918452,907265,917835,852194,868571,833381,867324,711608,772451,563094,633332,414097,478713,263441,327494,166567,230583,141312,254079,3757134,3608905,833876,803374,8756148,8709697,3304448,3426181
0400000US49,49,Utah,1561688,1540145,131077,124123,133206,125974,135100,127051,123316,118837,129786,123890,122990,117124,109430,107879,116353,112466,98800,94928,84986,82494,75353,74699,75940,78738,69439,72282,55794,59750,40505,45212,26752,30996,17664,21624,15197,22078,476591,450108,103672,97901,929185,910377,305718,308213
0400000US50,50,Vermont,308256,315401,15566,14469,16286,15217,17541,16429,21428,20438,23875,22429,19006,17640,18154,18180,17791,18175,16693,16992,19446,20054,21571,22579,24130,25367,23105,24227,19815,20687,14470,15694,8871,10274,5580,7206,4928,9344,60342,56483,14551,13738,194250,195713,88252,92227
0400000US51,51,Virginia,4166727,4303293,261835,249839,262813,252410,267355,257113,274786,265153,302339,280468,305724,294960,294182,290404,283764,285670,259785,264513,278222,287360,285256,298165,282911,299611,244873,269081,201003,227762,152358,178395,97931,121475,60181,83789,51409,97125,954032,915144,214809,207218,2649813,2679603,1091262,1154217
0400000US53,53,Washington,3703473,3702270,234818,223395,236455,226827,231577,221744,228430,216216,249645,229578,297787,274047,279700,265845,263409,253594,230572,225474,241600,235643,233167,234285,242776,249766,224570,239781,186906,204546,137459,152852,85354,97924,51777,66807,47471,83946,841464,804352,183728,176209,2353042,2291843,942113,959475
0400000US54,54,West Virginia,898620,917237,50371,48113,52270,49755,53805,50892,55827,52305,59155,55830,58240,55097,52462,50271,55498,54758,54595,53993,59124,58446,60310,61041,64021,67304,63452,67323,57794,61951,42481,46308,28110,33685,17288,24172,13817,25993,189607,180111,43875,41703,549523,545017,246907,254114
0400000US55,55,Wisconsin,2882738,2912745,171722,164166,180862,172527,188711,179858,193976,186254,204039,197742,188944,176576,185502,180338,185235,180468,165992,162441,181918,179081,198942,200294,212179,216194,191153,195812,157231,163786,110559,120833,72751,87040,48471,65038,44551,84297,656247,626397,152775,145647,1792928,1765354,784192,791381
0400000US56,56,Wyoming,295438,283877,19132,17899,19838,19020,19974,18800,18866,17250,20297,17946,20620,18891,20735,19268,20001,18427,17233,15958,16991,15758,17160,16790,20403,20122,20328,20001,16578,16072,11655,11639,7277,7964,4383,5530,3967,6542,70272,66211,15165,14141,181306,169919,74882,72671
0400000US72,72,Puerto Rico,1582703,1754474,75791,72179,90227,87512,101890,96367,113803,108875,116962,115188,110409,113419,90911,99844,97113,110565,98529,109680,102124,112821,103713,120689,100731,118753,95614,114718,87884,107679,76642,94981,54006,69057,35247,49261,31107,52886,336063,320733,88766,84137,961754,1059877,402182,466981
